"";"UserId";"StoryId";"EngagementTypeId";"Engagement";"ReadingSessionNumber";"Condition";"ContinuousEngagementMinutes";"ContinuousEngagementSeconds";"FirstCumulativeRSTime";"LastCumulativeRSTime";"FirstPercentageLocation";"LastPercentageLocation";"DaysUntilDeadline";"PercentageLocationMoved"
"1";"6";"7";2;"Engagement";"4";"NonAutonomousCondition";28,2972833333333;1697,837;0,112083333333333;28,3109333333333;0;0,977350678243673;3,96730702148148;0,977350678243673
"2";"7";"2";4;"Engagement";"2";"NonAutonomousCondition";7,17296666666667;430,378;1,67283333333333;1,66691666666667;0;0;13,6065935861481;0
"3";"7";"2";6;"Engagement";"2";"NonAutonomousCondition";4,64786666666667;278,872;11,4266833333333;12,1953;0,200859158166422;0,255573037283222;13,5984833199444;0,0547138791168
"4";"7";"2";8;"Engagement";"2";"NonAutonomousCondition";11,0740666666667;664,444;14,0336;23,9333;0,290098467304259;0,4852299043612;13,5912254611481;0,195131437056941
"5";"7";"2";12;"Engagement";"2";"NonAutonomousCondition";10,4866166666667;629,197;24,16225;34,4744166666667;0,4852299043612;0,800572772110948;13,5829917805926;0,315342867749748
"6";"7";"2";15;"Engagement";"2";"NonAutonomousCondition";5,51058333333333;330,635;39,9140333333333;39,9086166666667;0,831880778545795;0,831880778545795;13,5791251255;0
"7";"8";"8";2;"Engagement";"3";"AutonomousCondition";4,95436666666667;297,262;3,30393333333333;0,10875;0,0198619583342128;0,0198619583342128;7,85767514061458;0
"8";"8";"8";4;"Engagement";"3";"AutonomousCondition";27,4114166666667;1644,685;12,5137666666667;32,41265;0,170483567976022;0,592840407792811;7,83603430728125;0,422356839816789
"9";"8";"8";6;"Engagement";"3";"AutonomousCondition";6,39745;383,847;33,2719166666667;39,1181;0,592840407792811;0,743546446588007;7,83114755959607;0,150706038795196
"10";"8";"8";8;"Engagement";"3";"AutonomousCondition";10,3599833333333;621,599;39,5504333333333;49,56405;0,743546446588007;0,993562277054267;7,82356264061458;0,25001583046626
"11";"9";"6";3;"Engagement";"1";"NonAutonomousCondition";6,69088333333333;401,453;0,54355;0,49805;0,103358367578291;0,337593878418591;13,9935187195359;0,2342355108403
"12";"9";"6";5;"Engagement";"1";"NonAutonomousCondition";16,81045;1008,627;22,84665;19,1994;0,830296159841292;0,595748901799632;13,9805321570359;-0,23454725804166
"13";"10";"9";5;"Engagement";"1";"AutonomousCondition";14,0523666666667;843,142;1,60333333333333;14,9095166666667;0;0,391169635941131;13,9844807918935;0,391169635941131
"14";"10";"9";7;"Engagement";"1";"AutonomousCondition";21,78955;1307,373;28,6676333333333;16,2479666666667;0,742641363284276;0,423951532588248;13,9833917641157;-0,318689830696028
"15";"11";"5";3;"Engagement";"1";"NonAutonomousCondition";0,75;45;0,414866666666667;0,408333333333333;0,0562747795129056;0,0562747795129056;13,9971477830266;0
"16";"11";"5";5;"Engagement";"1";"NonAutonomousCondition";0,672916666666667;40,375;1,89711666666667;1,89711666666667;0,0235455943037463;0,0235455943037463;13,9965771348785;0
"17";"11";"5";9;"Engagement";"1";"NonAutonomousCondition";0,6147;36,882;3,31206666666667;3,29778333333333;0;0,0235455943037463;13,9951415677488;0,0235455943037463
"18";"11";"5";11;"Engagement";"1";"NonAutonomousCondition";21,5884333333333;1295,306;17,2884333333333;10,6539666666667;0,507140545351566;0,312788251476657;13,9900291834896;-0,194352293874909
"19";"11";"5";13;"Engagement";"1";"NonAutonomousCondition";5,06475;303,885;25,6649333333333;30,5820333333333;0,790638401165143;0,983574722874019;13,9766016834896;0,192936321708876
"20";"12";"8";2;"Engagement";"3";"AutonomousCondition";1,03521666666667;62,113;0,301366666666667;0,448866666666667;0;0,063026363003145;13,8664234568403;0,063026363003145
"21";"12";"8";8;"Engagement";"5";"AutonomousCondition";0,2839;17,034;1,24011666666667;1,3055;0;0;13,2343998920255;0
"22";"12";"8";10;"Engagement";"5";"AutonomousCondition";1,1603;69,618;3,53061666666667;3,53061666666667;0;0;13,2336393596181;0
"23";"12";"8";12;"Engagement";"5";"AutonomousCondition";3,09021666666667;185,413;4,74566666666667;4,75496666666667;0;0;13,2319898110069;0
"24";"12";"8";14;"Engagement";"5";"AutonomousCondition";2,84438333333333;170,663;9,7049;9,7049;0,063026363003145;0,063026363003145;13,2293921836921;0
"25";"12";"8";16;"Engagement";"5";"AutonomousCondition";1,86613333333333;111,968;11,1588666666667;11,6699333333333;0,063026363003145;0,0943495789095975;13,2275295679514;0,0313232159064525
"26";"12";"8";18;"Engagement";"5";"AutonomousCondition";2,94551666666667;176,731;15,0523333333333;15,04415;0,0943495789095975;0,0943495789095975;13,2267331674884;0
"27";"12";"8";20;"Engagement";"5";"AutonomousCondition";1,0463;62,778;16,4065666666667;16,4065666666667;0,12978871604365;0,12978871604365;13,2246185610069;0
"28";"12";"8";24;"Engagement";"5";"AutonomousCondition";0,553366666666667;33,202;17,2315333333333;17,2315333333333;0,12978871604365;0,12978871604365;13,2237033526736;0
"29";"12";"8";26;"Engagement";"5";"AutonomousCondition";0,576583333333333;34,595;17,3671666666667;17,3581333333333;0,12978871604365;0,12978871604365;13,2232507137847;0
"30";"12";"8";28;"Engagement";"5";"AutonomousCondition";6,21738333333333;373,043;18,36365;24,2232666666667;0,12978871604365;0,218840365578234;13,2195445679514;0,089051649534584
"31";"12";"8";30;"Engagement";"5";"AutonomousCondition";6,56321666666667;393,793;25,4914833333333;30,9028833333333;0,218840365578234;0,291048399012179;13,2158336073032;0,072208033433945
"32";"12";"8";32;"Engagement";"5";"AutonomousCondition";5,12601666666667;307,561;31,1548;36,1262166666667;0,291048399012179;0,361525634801697;13,2119247762847;0,070477235789518
"33";"12";"8";34;"Engagement";"5";"AutonomousCondition";4,48453333333333;269,072;38,8038166666667;40,70975;0,425712898663909;0,425712898663909;13,208264660544;0
"34";"12";"8";36;"Engagement";"5";"AutonomousCondition";1,06796666666667;64,078;41,9464166666667;42,74155;0,425712898663909;0,450703928066361;13,2061506211921;0,024991029402452
"35";"12";"8";38;"Engagement";"5";"AutonomousCondition";18,0597666666667;1083,586;45,6654333333333;60,9303666666667;0,479198767334361;0,741393503176647;13,1932106211921;0,262194735842286
"36";"12";"8";40;"Engagement";"5";"AutonomousCondition";7,32025;439,215;62,9588166666667;68,6544833333333;0,741393503176647;0,830761762036431;13,1889460610069;0,0893682588597841
"37";"12";"8";42;"Engagement";"5";"AutonomousCondition";2,70693333333333;162,416;69,0135166666667;69,0133166666667;0,856744833991177;0,884690883762163;13,1873644985069;0,027946049770986
"38";"12";"8";44;"Engagement";"5";"AutonomousCondition";9,47763333333333;568,658;81,0901333333333;78,73895;0,979568144880427;0,979568144880427;13,1806110957292;0
"39";"12";"8";46;"Engagement";"5";"AutonomousCondition";0,39415;23,649;81,2623833333333;81,6350666666667;0,979568144880427;0;13,1785838966551;-0,979568144880427
"40";"12";"8";48;"Engagement";"5";"AutonomousCondition";0,31005;18,603;81,6603833333333;81,9516833333333;0,0280938007894126;0,979568144880427;13,1783094406366;0,951474344091014
"41";"13";"2";3;"Engagement";"1";"NonAutonomousCondition";2,80506666666667;168,304;3,16258333333333;3,15251666666667;0,0292926971555854;0,0292926971555854;13,9938115285891;0
"42";"13";"2";5;"Engagement";"1";"NonAutonomousCondition";29,9487833333333;1796,927;3,27175;33,2100333333333;0;0,817543797620521;13,9729929059039;0,817543797620521
"43";"13";"2";7;"Engagement";"1";"NonAutonomousCondition";8,80683333333333;528,41;41,9558666666667;42,2014666666667;0,992221613308113;0,992221613308113;13,9668434383113;0
"44";"14";"8";2;"Engagement";"2";"AutonomousCondition";0,709983333333333;42,599;0,354483333333333;0,268516666666667;0;0;13,5284384493553;0
"45";"14";"8";2;"Engagement";"3";"AutonomousCondition";23,7498333333333;1424,99;2,37051666666667;23,79255;0,579669459864491;0,996833906748;10,0413973961146;0,417164446883509
"46";"14";"8";4;"Engagement";"2";"AutonomousCondition";1,41468333333333;84,881;23,3745;24,40475;0,00814741330181312;0,0194187052789328;13,5118161345405;0,0112712919771197
"47";"14";"8";6;"Engagement";"2";"AutonomousCondition";1,02705;61,623;26,3457833333333;26,3;0,0307111045443992;0,0358612829009857;13,5103584493553;0,0051501783565865
"48";"14";"8";8;"Engagement";"2";"AutonomousCondition";3,37821666666667;202,693;29,1596;31,1106833333333;0,0470059311480254;0,111889735525677;13,5070177549109;0,0648838043776516
"49";"14";"8";10;"Engagement";"2";"AutonomousCondition";13,6196166666667;817,177;34,0514166666667;46,6942;0,124258606496823;0,492327500685987;13,4961955674109;0,368068894189164
"50";"14";"8";14;"Engagement";"2";"AutonomousCondition";0,851165253239105;51,0699151943463;49,0574;49,9085485865724;0,510944129007746;0,534457648225932;13,494124641485;0,023513519218186
"51";"15";"5";6;"Engagement";"2";"NonAutonomousCondition";0,490333333333333;29,42;0,64085;0,261316666666667;0;0,0527753054454244;11,2522122530984;0,0527753054454244
"52";"15";"5";10;"Engagement";"2";"NonAutonomousCondition";0,431816666666667;25,909;1,69083333333333;1,69083333333333;0;0;11,2515169521725;0
"53";"15";"5";12;"Engagement";"2";"NonAutonomousCondition";1,10925;66,555;1,7803;2,82418333333333;0;0,0527753054454244;11,250451882728;0,0527753054454244
"54";"15";"5";14;"Engagement";"2";"NonAutonomousCondition";1,21276666666667;72,766;4,07416666666667;4,07416666666667;0,0527753054454244;0,0527753054454244;11,2504041859687;0
"55";"15";"5";18;"Engagement";"2";"NonAutonomousCondition";0,683416666666667;41,005;6,03475;6,27348333333333;0,0527753054454244;0,118334816732745;11,2481952970799;0,0655595112873206
"56";"15";"5";20;"Engagement";"2";"NonAutonomousCondition";5,81361666666667;348,817;9,20983333333333;13,2908333333333;0,118334816732745;0,303685573266446;11,2434072415243;0,185350756533701
"57";"15";"5";22;"Engagement";"2";"NonAutonomousCondition";4,65593333333333;279,356;19,5869666666667;19,7075333333333;0,491746905089409;0,428311352051137;11,2387440933762;-0,063435553038272
"58";"15";"5";24;"Engagement";"2";"NonAutonomousCondition";13,0779833333333;784,679;30,384;30,3116;0,913888664131402;0,854579658548426;11,2323052392095;-0,059309005582976
"59";"16";"4";1;"Engagement";"2";"AutonomousCondition";1,13778333333333;68,267;0,0151333333333333;1,13778333333333;0,330009423831335;0,330009423831335;13,895192586169;0
"60";"16";"4";1;"Engagement";"3";"AutonomousCondition";8,47366666666667;508,42;8,43636666666667;6,05721666666667;0,421464419557737;0,376580683337351;13,8106415329282;-0,044883736220386
"61";"16";"4";1;"Engagement";"4";"AutonomousCondition";31,8112833333333;1908,677;0,02415;15,9179833333333;0,464638716605667;0,671502772359684;13,331113523669;0,206864055754017
"62";"16";"4";3;"Engagement";"1";"AutonomousCondition";22,28865;1337,319;14,2887833333333;24,3142333333333;0,125534199741393;0,330009423831335;13,9397352597801;0,204475224089942
"63";"17";"1";3;"Engagement";"1";"AutonomousCondition";5,22093333333333;313,256;0,7551;0,912983333333333;0,0269990615299468;0,0269990615299468;13,9922997467905;0
"64";"17";"1";5;"Engagement";"1";"AutonomousCondition";9,87268333333333;592,361;7,7958;9,22846666666667;0,0269990615299468;0,0628293668936641;13,9865247815127;0,0358303053637173
"65";"17";"1";9;"Engagement";"1";"AutonomousCondition";2,6681;160,086;41,75905;41,75905;0,364030127295041;0,364030127295041;13,9619086009572;0
"66";"17";"1";11;"Engagement";"1";"AutonomousCondition";3,27491666666667;196,495;46,15445;48,7162;0,364030127295041;0,463267319585148;13,9562373509572;0,099237192290107
"67";"17";"1";13;"Engagement";"1";"AutonomousCondition";0,91275;54,765;51,0755;51,0755;0,463267319585148;0,463267319585148;13,9545335430868;0
"68";"17";"1";15;"Engagement";"1";"AutonomousCondition";1,58971666666667;95,383;52,7093333333333;52,7093333333333;0,463267319585148;0,463267319585148;13,9538690523461;0
"69";"17";"1";17;"Engagement";"1";"AutonomousCondition";0,865166666666667;51,91;53,14785;53,5997333333333;0,463267319585148;0,507640108766273;13,9524544227164;0,044372789181125
"70";"17";"1";25;"Engagement";"1";"AutonomousCondition";2,44665;146,799;57,8865833333333;56,9931;0,579084149481435;0,543301970787112;13,9497961241053;-0,0357821786943231
"71";"17";"1";27;"Engagement";"1";"AutonomousCondition";0,403533333333333;24,212;58,6246333333333;58,6246333333333;0,614625694828789;0,614625694828789;13,9489374666979;0
"72";"17";"1";29;"Engagement";"1";"AutonomousCondition";1,8844;113,064;59,4142333333333;60,5665166666667;0,614625694828789;0,657554683928099;13,9481025014201;0,04292898909931
"73";"17";"1";31;"Engagement";"1";"AutonomousCondition";1,80776666666667;108,466;61,5434;62,6238166666667;0,657554683928099;0,732126958153861;13,9460903486424;0,074572274225762
"74";"17";"1";33;"Engagement";"1";"AutonomousCondition";0,43755;26,253;63,5297;63,5297;0,732126958153861;0,732126958153861;13,9455547930868;0
"75";"17";"1";35;"Engagement";"1";"AutonomousCondition";9,0665;543,99;63,5696333333333;72,60395;0,732126958153861;0;13,9390125592905;-0,732126958153861
"76";"18";"8";5;"Engagement";"1";"NonAutonomousCondition";77,78715;4667,229;4,50198333333333;28,8649;0,0198619583342128;0,2450134031281;13,9730534055;0,225151444793887
"77";"19";"7";3;"Engagement";"1";"NonAutonomousCondition";0,33195;19,917;1,08551666666667;1,35331666666667;0,0374192750981059;0;13,9908478817755;-0,0374192750981059
"78";"19";"7";5;"Engagement";"1";"NonAutonomousCondition";34,0616333333333;2043,698;31,9606666666667;26,2553666666667;0,849334116120261;0,687050026264561;13,973376712794;-0,1622840898557
"79";"20";"4";1;"Engagement";"2";"AutonomousCondition";0,3863;23,178;0,00881666666666667;0,37125;0,202612373709702;0,202612373709702;13,9821202874444;0
"80";"20";"4";2;"Engagement";"3";"AutonomousCondition";25,9033666666667;1554,202;25,9059333333333;18,16145;0,990203598588617;0,795612439457363;8,23710828512963;-0,194591159131254
"81";"20";"4";3;"Engagement";"1";"AutonomousCondition";6,62246666666667;397,348;3,12171666666667;0,594416666666667;0,0368844375287646;0,917289443117316;13,9940099286481;0,880405005588551
"82";"20";"4";3;"Engagement";"2";"AutonomousCondition";8,54186666666667;512,512;1,40228333333333;8,93028333333333;0,202612373709702;0,421464419557737;13,9762153916111;0,218852045848035
"83";"21";"6";2;"Engagement";"2";"AutonomousCondition";19,8458666666667;1190,752;10,6648833333333;0,04005;0,358282556327051;0;13,7406914077465;-0,358282556327051
"84";"21";"6";4;"Engagement";"3";"AutonomousCondition";10,1053333333333;606,32;1,18243333333333;10,3411833333333;0,64426810259317;0,976023806149922;13,2283364540428;0,331755703556752
"85";"22";"6";3;"Engagement";"1";"NonAutonomousCondition";6,70355;402,213;1,46303333333333;1,64933333333333;0,0387700155873601;0,238855037551367;13,9881901725382;0,200085021964007
"86";"22";"6";4;"Engagement";"2";"NonAutonomousCondition";2,70148333333333;162,089;0,159;0,152716666666667;0,220745359217798;0,220745359217798;9,99794047346412;0
"87";"22";"6";4;"Engagement";"3";"NonAutonomousCondition";6,87101666666667;412,261;0,0623;1,90161666666667;0,41969675499504;0,41969675499504;6,89370327439005;0
"88";"22";"6";5;"Engagement";"1";"NonAutonomousCondition";7,83555;470,133;11,0047;11,0111833333333;0,0822162391951254;0,0822162391951254;13,9816932975382;0
"89";"22";"6";6;"Engagement";"2";"NonAutonomousCondition";9,49241666666667;569,545;7,59168333333333;9,4715;0,264758395918946;0,302168060082188;9,99147148040857;0,037409664163242
"90";"22";"6";7;"Engagement";"1";"NonAutonomousCondition";2,44325;146,595;17,2938666666667;18,5546333333333;0,172707949553635;0,198554626611875;13,9772808322604;0,02584667705824
"91";"22";"6";8;"Engagement";"3";"NonAutonomousCondition";30,1738833333333;1810,433;37,8649333333333;32,2991;0,798894714467904;0,700694346039394;6,87395782300116;-0,0982003684285101
"92";"22";"6";10;"Engagement";"2";"NonAutonomousCondition";5,36055;321,633;18,4491833333333;19,86835;0,38092673940768;0,41969675499504;9,98522852901968;0,03877001558736
"93";"22";"6";10;"Engagement";"3";"NonAutonomousCondition";3,05901666666667;183,541;45,98795;48,10175;0,933881252656936;0,992801473714043;6,86188291559375;0,058920221057107
"94";"23";"1";5;"Engagement";"1";"AutonomousCondition";11,8161333333333;708,968;1,39298333333333;1,4171;0,0495945328103569;0;13,9951909185058;-0,0495945328103569
"95";"23";"1";7;"Engagement";"1";"AutonomousCondition";5,05871666666667;303,523;15,3416333333333;19,5809;0,670187934643983;0,957816974276295;13,9830271106354;0,287629039632312
"96";"24";"8";7;"Engagement";"1";"NonAutonomousCondition";64,2525166666667;3855,151;57,6319666666667;34,6440833333333;0,509234438651666;0,153365557126876;13,9676710391852;-0,35586888152479
"97";"28";"2";5;"Engagement";"1";"NonAutonomousCondition";106,501766666667;6390,106;23,7538166666667;104,441316666667;0,157335548994997;0,75452118726466;13,9161223459421;0,597185638269663
"98";"28";"2";7;"Engagement";"1";"NonAutonomousCondition";16,2552;975,312;114,879883333333;125,7454;0,851202998214507;0,991761981367228;13,9018394177014;0,140558983152721
"99";"29";"4";1;"Engagement";"2";"AutonomousCondition";2,79056666666667;167,434;1,85136666666667;2,79056666666667;0,184027701680949;0,235990269346249;13,9869000639502;0,0519625676653
"100";"29";"4";1;"Engagement";"5";"AutonomousCondition";1,5731;94,386;0,0151;1,5731;0,953472572267637;0,994981261916764;13,2842732352465;0,0415086896491269
"101";"29";"4";2;"Engagement";"4";"AutonomousCondition";4,6493;278,958;1,42006666666667;4,71316666666667;0,235990269346249;0,295886388042692;13,3350353995984;0,059896118696443
"102";"29";"4";3;"Engagement";"1";"AutonomousCondition";6,3394;380,364;0,838183333333333;7,06471666666667;0,0210611672401324;0,153937189068356;13,9897754227465;0,132876021828224
"103";"29";"4";6;"Engagement";"4";"AutonomousCondition";0,572366666666667;34,342;5,46158333333333;5,46158333333333;0,322163536347498;0,322163536347498;13,3343359088576;0
"104";"29";"4";12;"Engagement";"4";"AutonomousCondition";25,3875666666667;1523,254;9,32428333333333;6,64328333333333;0,384316991387056;0,322163536347498;13,333673003765;-0,062153455039558
"105";"30";"3";3;"Engagement";"1";"NonAutonomousCondition";19,2091666666667;1152,55;4,5258;3,2032;0,0890700043661767;0,042060835395139;13,9904652338877;-0,0470091689710377
"106";"31";"9";3;"Engagement";"1";"AutonomousCondition";5,54238333333333;332,543;1,39178333333333;1,3611;0,132593781122054;0,0369038397698351;13,9887679294838;-0,0956899413522189
"107";"31";"9";5;"Engagement";"1";"AutonomousCondition";37,3612166666667;2241,673;25,0271;30,6707166666667;0,44315038176386;0,507690605289366;13,9684072466134;0,064540223525506
"108";"32";"3";3;"Engagement";"1";"NonAutonomousCondition";13,2191333333333;793,148;0,38725;10,4027833333333;0,013768010478824;0,750574879930141;13,9893060864074;0,736806869451317
"109";"34";"2";4;"Engagement";"4";"NonAutonomousCondition";3,85048333333333;231,029;4,16373333333333;4,16373333333333;0,0938002722435342;0,0938002722435342;8,78196342747685;0
"110";"34";"2";6;"Engagement";"4";"NonAutonomousCondition";9,7488;584,928;4,77555;13,9482166666667;0,0938002722435342;0,338784096734845;8,772558450625;0,244983824491311
"111";"34";"2";10;"Engagement";"4";"NonAutonomousCondition";29,6232666666667;1777,396;44,6344333333333;16,8564666666667;0,881202821432991;0,338784096734845;8,77170295293982;-0,542418724698146
"112";"34";"2";12;"Engagement";"2";"NonAutonomousCondition";6,95581666666667;417,349;67,2373833333333;67,2310166666667;0;0;12,7499220038657;0
"113";"34";"2";20;"Engagement";"2";"NonAutonomousCondition";2,65755;159,453;81,9247833333333;81,9247833333333;0,0938002722435342;0,0938002722435342;12,7399372469213;0
"114";"35";"2";3;"Engagement";"1";"NonAutonomousCondition";21,9216666666667;1315,3;1,5756;18,2888;0,449148797001786;0,145243693319427;13,9771926896192;-0,303905103682359
"115";"35";"2";9;"Engagement";"1";"NonAutonomousCondition";20,2251666666667;1213,51;38,2525833333333;40,9759166666667;0,252390970000177;0,280481552848834;13,9614374581377;0,028090582848657
"116";"35";"2";11;"Engagement";"1";"NonAutonomousCondition";25,31785;1519,071;53,9641833333333;70,6226;0,362472819841957;0,517934484770272;13,9408494951748;0,155461664928315
"117";"35";"2";13;"Engagement";"1";"NonAutonomousCondition";25,1131166666667;1506,787;82,79585;96,1099166666667;0,586348931355737;0,69072073823961;13,9231500970266;0,104371806883873
"118";"35";"2";17;"Engagement";"1";"NonAutonomousCondition";14,6694;880,164;110,138;116,263983333333;0,765269503420722;0,831880778545795;13,909154217397;0,066611275125073
"119";"35";"2";19;"Engagement";"1";"NonAutonomousCondition";9,7015;582,09;122,3701;131,16155;0,891367758587162;0,98269308961055;13,8996917289711;0,091325331023388
"120";"36";"1";3;"Engagement";"1";"AutonomousCondition";28,7772;1726,632;14,5751;29,2998166666667;0,369540630940636;0,982770652357004;13,9743489147847;0,613230021416368
"121";"37";"6";3;"Engagement";"1";"AutonomousCondition";34,24745;2054,847;20,3044333333333;5,25828333333333;0,574380048179113;0,113957772424543;13,9886514480127;-0,46042227575457
"122";"38";"8";5;"Engagement";"1";"NonAutonomousCondition";6,32776666666667;379,666;2,25423333333333;2,2604;0;0;13,4417653995741;0
"123";"38";"8";7;"Engagement";"1";"NonAutonomousCondition";3,79298333333333;227,579;12,6444333333333;12,6507;0;0;13,4345499829074;0
"124";"38";"8";9;"Engagement";"1";"NonAutonomousCondition";11,9273666666667;715,642;15,61625;15,6778833333333;0;0,0198619583342128;13,4324819157778;0,0198619583342128
"125";"38";"8";13;"Engagement";"1";"NonAutonomousCondition";7,37701666666667;442,621;39,30045;41,6264166666667;0,074403191421998;0,074403191421998;13,4144281657778;0
"126";"38";"8";15;"Engagement";"1";"NonAutonomousCondition";19,6779666666667;1180,678;60,38215;54,9729666666667;0,149439601494396;0,0975156721615974;13,4051600407778;-0,0519239293327986
"127";"38";"8";17;"Engagement";"1";"NonAutonomousCondition";11,0717;664,302;79,1524833333333;79,14575;0,355953310678177;0,355953310678177;13,3892552606852;0
"128";"38";"8";19;"Engagement";"1";"NonAutonomousCondition";23,4501;1407,006;82,2526333333333;98,0262666666667;0,406716339151909;0,652574033813876;13,375261638;0,245857694661967
"129";"38";"8";21;"Engagement";"1";"NonAutonomousCondition";11,8884;713,304;116,59075;119,016683333333;0,852059015978217;0,913861156257256;13,3607840106852;0,061802140279039
"130";"38";"8";23;"Engagement";"1";"NonAutonomousCondition";4,29696666666667;257,818;121,276716666667;123,96155;0,913861156257256;0,990142896342107;13,3575873671667;0,076281740084851
"131";"39";"2";3;"Engagement";"1";"NonAutonomousCondition";0,312833333333333;18,77;0,700016666666667;0,718716666666667;0,0165997843265508;0,0165997843265508;13,994929885728;0
"132";"39";"2";9;"Engagement";"1";"NonAutonomousCondition";29,8545166666667;1791,271;18,667;11,0023833333333;0,305885056658476;0,144289073134513;13,9883451635058;-0,161595983523963
"133";"39";"2";11;"Engagement";"1";"NonAutonomousCondition";3,61468333333333;216,881;35,1890166666667;35,1792;0,665299556278396;0,643166510509661;13,9710037167465;-0,022133045768735
"134";"39";"2";25;"Engagement";"1";"NonAutonomousCondition";11,1893333333333;671,36;66,5508;62,5351333333333;0,9597998833242;0,864620715258013;13,9520084389688;-0,095179168066187
"135";"40";"1";3;"Engagement";"1";"AutonomousCondition";0,4521;27,126;0,3613;0,671916666666667;0,0335683519022066;0,0775080010587867;13,9653830670509;0,0439396491565801
"136";"40";"1";9;"Engagement";"1";"AutonomousCondition";2,4007;144,042;8,40805;8,41386666666667;0,0335683519022066;0,0335683519022066;13,9600103239954;0
"137";"40";"1";13;"Engagement";"1";"AutonomousCondition";21,6485666666667;1298,914;40,2055333333333;40,1825166666667;0,0775080010587867;0,0335683519022066;13,9379463888102;-0,0439396491565801
"138";"40";"1";15;"Engagement";"1";"AutonomousCondition";3,84586666666667;230,752;53,46365;53,46365;0,26325288158433;0,26325288158433;13,929183553162;0
"139";"40";"1";17;"Engagement";"1";"AutonomousCondition";23,5189333333333;1411,136;62,6015833333333;60,1808;0,377698101402892;0,329836128690714;13,926011666588;-0,047861972712178
"140";"40";"1";19;"Engagement";"1";"AutonomousCondition";26,8188;1609,128;83,1985333333333;104,779416666667;0,629208075655124;0,944943090213442;13,8930848263102;0,315735014558318
"141";"41";"1";17;"Engagement";"1";"AutonomousCondition";22,52675;1351,605;19,92285;19,916;0,36051688042929;0,36051688042929;13,0598621295185;0
"142";"41";"1";21;"Engagement";"1";"AutonomousCondition";16,65815;999,489;26,8977833333333;42,0692833333333;0,50992612556248;0,8983564742402;13,0446815971111;0,38843034867772
"143";"41";"1";23;"Engagement";"1";"AutonomousCondition";2,74145;164,487;43,0120333333333;44,84495;0,8983564742402;0,96137834781144;13,0423908679444;0,06302187357124
"144";"42";"6";6;"Engagement";"1";"AutonomousCondition";5,1419;308,514;54,48415;54,6194166666667;0;0,0805441405696472;13,9563982710741;0,0805441405696472
"145";"42";"6";9;"Engagement";"1";"AutonomousCondition";14,5084166666667;870,505;66,4901833333333;65,6636666666667;0,229304236927873;0,193878418591469;13,9115486298704;-0,035425818336404
"146";"42";"6";11;"Engagement";"1";"AutonomousCondition";7,59221666666667;455,533;74,8757666666667;81,8445;0,650531387275046;0,969902224741392;13,9002987919074;0,319370837466346
"147";"43";"2";2;"Engagement";"2";"AutonomousCondition";3,28078333333333;196,847;1,11418333333333;1,10675;0,110170240599643;0,110170240599643;0,934705457565972;0
"148";"43";"2";4;"Engagement";"2";"AutonomousCondition";25,6749666666667;1540,498;3,32605;28,9979166666667;0,159368536425831;0,99849735711634;0,914657772380787;0,839128820690509
"149";"43";"2";5;"Engagement";"1";"AutonomousCondition";6,78563333333333;407,138;1,53341666666667;8,20478333333333;0,475188714268036;0,110170240599643;11,0751969274734;-0,365018473668393
"150";"44";"6";2;"Engagement";"4";"NonAutonomousCondition";9,22713333333333;553,628;0,03325;0,07475;0;0,0184214255349299;6,85019368498495;0,0184214255349299
"151";"44";"6";2;"Engagement";"5";"NonAutonomousCondition";0,436466666666667;26,188;0,9536;0,9536;0,60742525152331;0,60742525152331;6,52806841878125;0
"152";"44";"6";4;"Engagement";"4";"NonAutonomousCondition";5,8792;352,752;12,5877333333333;12,5817833333333;0,0184214255349299;0,0184214255349299;6,84152084933681;0
"153";"44";"6";6;"Engagement";"4";"NonAutonomousCondition";9,4096;564,576;19,60805;24,7641833333333;0,0754144820745359;0,16703981861981;6,8336790206331;0,0916253365452741
"154";"44";"6";6;"Engagement";"5";"NonAutonomousCondition";10,1551833333333;609,311;15,5326833333333;15,5389833333333;0,728014737140428;0,728014737140428;6,51793893961458;0
"155";"44";"6";8;"Engagement";"4";"NonAutonomousCondition";9,91088333333333;594,653;25,3213;28,9561666666667;0,2;0,2;6,83013503915162;0
"156";"44";"6";10;"Engagement";"4";"NonAutonomousCondition";0,454516666666667;27,271;45,1942833333333;45,1942833333333;0,306419158282556;0,306419158282556;6,81916983081829;0
"157";"44";"6";10;"Engagement";"5";"NonAutonomousCondition";23,6254666666667;1417,528;42,1238833333333;36,3527666666667;0,886864106560862;0,835680884228426;6,50493841878125;-0,051183222332436
"158";"44";"6";12;"Engagement";"4";"NonAutonomousCondition";22,9175166666667;1375,051;46,7338166666667;68,1411166666667;0,306419158282556;0,60742525152331;6,80302918267014;0,301006093240754
"159";"44";"6";12;"Engagement";"5";"NonAutonomousCondition";5,52943333333333;331,766;51,7819;51,7372333333333;0,185999716593453;0,364064049879552;6,4919118794294;0,178064333286099
"160";"44";"6";14;"Engagement";"5";"NonAutonomousCondition";1,98413333333333;119,048;59,13655;59,13655;0,0184214255349299;0,0184214255349299;6,48702510859606;0
"161";"44";"6";16;"Engagement";"5";"NonAutonomousCondition";2,28083333333333;136,85;61,2666333333333;61,44275;0,110868641065609;0,663993198242879;6,48517240026273;0,55312455717727
"162";"45";"4";3;"Engagement";"1";"NonAutonomousCondition";73,46645;4407,987;1,28628333333333;1,49045;0;0,680049968221964;13,9893064745833;0,680049968221964
"163";"46";"5";9;"Engagement";"1";"AutonomousCondition";21,1250333333333;1267,502;6,05838333333333;2,26551666666667;0,0783841734768185;0;13,9932745847014;-0,0783841734768185
"164";"46";"5";11;"Engagement";"1";"AutonomousCondition";21,97475;1318,485;49,6596666666667;33,67645;0,921939477303989;0,449712759932033;13,9717578717384;-0,472226717371956
"165";"47";"3";3;"Engagement";"1";"NonAutonomousCondition";21,6886833333333;1301,321;10,6614833333333;22,2400333333333;0,397147431232717;0,971416096638044;13,9791288246609;0,574268665405327
"166";"48";"9";3;"Engagement";"1";"AutonomousCondition";2,73205;163,923;1,01668333333333;1,02256666666667;0,0292685625760761;0,0292685625760761;13,9893146209005;0
"167";"48";"9";5;"Engagement";"1";"AutonomousCondition";3,75791666666667;225,475;5,66886666666667;7,51105;0,0292685625760761;0,0626867323226735;13,9860797482153;0,0334181697465974
"168";"48";"9";7;"Engagement";"1";"AutonomousCondition";42,4582833333333;2547,497;10,2500166666667;35,6987333333333;0,104763749031758;0,629440079672458;13,9652337412708;0,5246763306407
"169";"49";"7";5;"Engagement";"1";"NonAutonomousCondition";33,67565;2020,539;22,3414833333333;20,5685333333333;0,560918332663844;0,519574823100454;13,9533282580127;-0,0413435095633901
"170";"50";"4";3;"Engagement";"2";"AutonomousCondition";11,60945;696,567;2,85096666666667;1,67036666666667;0,105831817484495;0,0320410265401389;13,012826750228;-0,0737907909443561
"171";"50";"4";5;"Engagement";"2";"AutonomousCondition";15,2491166666667;914,947;12,0864166666667;26,6954;0,402397598018804;0,947116965087992;12,995890025691;0,544719367069188
"172";"51";"4";3;"Engagement";"1";"NonAutonomousCondition";0,47485;28,491;1,11458333333333;1,20233333333333;0,0368844375287646;0;13,9806409658646;-0,0368844375287646
"173";"51";"4";5;"Engagement";"1";"NonAutonomousCondition";71,7567666666667;4305,406;32,78695;20,55415;0,240241951390563;0,0819873326174144;13,9671716140127;-0,158254618773149
"174";"52";"2";4;"Engagement";"2";"AutonomousCondition";8,99908333333333;539,945;9,02085;7,92216666666667;0,374122721728216;0,287641204235685;13,9898152605498;-0,086481517492531
"175";"52";"2";10;"Engagement";"2";"AutonomousCondition";7,8865;473,19;11,1280666666667;19,0126166666667;0,397882157441618;0,828362826382873;13,9819492651794;0,430480668941255
"176";"52";"2";12;"Engagement";"2";"AutonomousCondition";1,83701666666667;110,221;22,7756166666667;22,1691666666667;0,858839959693814;0,828362826382873;13,9797617420313;-0,030477133310941
"177";"52";"2";14;"Engagement";"2";"AutonomousCondition";1,31653333333333;78,992;24,00405;23,9979;0,880301235702795;0,880301235702795;13,9784885012905;0
"178";"53";"8";3;"Engagement";"1";"NonAutonomousCondition";24,8729666666667;1492,378;1,14146666666667;25,0320833333333;0,0292547016484792;0,973890284315174;8,23503280638194;0,944635582666695
"179";"55";"2";2;"Engagement";"2";"NonAutonomousCondition";3,38633333333333;203,18;2,78643333333333;3,4165;0,0518146622589142;0,0518146622589142;1,98552701122569;0
"180";"55";"2";4;"Engagement";"2";"NonAutonomousCondition";2,24668333333333;134,801;4,70891666666667;4,32993333333333;0,0518146622589142;0,0518146622589142;1,98474590011458;0
"181";"55";"2";5;"Engagement";"1";"NonAutonomousCondition";5,31228333333333;318,737;5,0773;6,27161666666667;0,0195520356391536;0,0409425990418442;12,9376227403924;0,0213905634026906
"182";"55";"2";6;"Engagement";"2";"NonAutonomousCondition";5,12906666666667;307,744;7,83296666666667;7,78738333333333;0,0736825357540616;0,0845722771227041;1,98208115474421;0,0108897413686425
"183";"57";"6";2;"Engagement";"2";"AutonomousCondition";0,431633333333333;25,898;4,48428333333333;4,90923333333333;0;0;13,8058582394421;0
"184";"57";"6";4;"Engagement";"2";"AutonomousCondition";2,7342;164,052;8,07595;8,07595;0;0;13,8052806237014;0
"185";"57";"6";6;"Engagement";"2";"AutonomousCondition";20,8835;1253,01;14,31765;24,0061333333333;0,0417174436729488;0,186708232960181;13,792324003331;0,144990789287232
"186";"57";"6";8;"Engagement";"2";"AutonomousCondition";12,45345;747,207;30,8758833333333;39,82845;0,276463086297293;0,530763780643333;13,7813356237014;0,25430069434604
"187";"57";"6";10;"Engagement";"2";"AutonomousCondition";1,91256666666667;114,754;43,0398833333333;44,9440666666667;0,663993198242879;0,72180813376789;13,7779647440718;0,057814935525011
"188";"57";"6";12;"Engagement";"2";"AutonomousCondition";8,14715;488,829;46,0081833333333;53,1687666666667;0,72180813376789;0,991186056397903;13,7722963875903;0,269377922630013
"189";"58";"7";3;"Engagement";"1";"NonAutonomousCondition";10,3500333333333;621,002;0,655316666666667;10,9378166666667;0,0476161048110497;0,315360133485771;13,9881862615498;0,267744028674721
"190";"58";"7";5;"Engagement";"1";"NonAutonomousCondition";9,18511666666667;551,107;10,9881;20,1732;0,315360133485771;0,52547662454037;13,9823324305312;0,210116491054599
"191";"58";"7";9;"Engagement";"1";"NonAutonomousCondition";2,8369;170,214;23,2241166666667;23,2183833333333;0,196057225844328;0,196057225844328;13,9794122569201;0
"192";"58";"7";11;"Engagement";"1";"NonAutonomousCondition";1,69;101,4;24,6546833333333;26,3446666666667;0,640546302876742;0,691963044217162;13,977911145809;0,0514167413404201
"193";"58";"7";13;"Engagement";"1";"NonAutonomousCondition";6,59568333333333;395,741;27,9798166666667;34,5754666666667;0,691963044217162;0,986126131693601;13,9717967360868;0,294163087476439
"194";"60";"9";2;"Engagement";"2";"AutonomousCondition";6,41173333333333;384,704;0,158766666666667;4,8323;0;0,0863671572424477;13,3848424679213;0,0863671572424477
"195";"60";"9";2;"Engagement";"3";"AutonomousCondition";0,995966666666667;59,758;0,1585;1,02068333333333;0,157685072479805;0,157685072479805;13,3736301183843;0
"196";"60";"9";2;"Engagement";"4";"AutonomousCondition";5,08081666666667;304,849;1,14073333333333;4,98321666666667;0,181891114307846;0,249502047139537;13,3478162063472;0,067610932831691
"197";"60";"9";2;"Engagement";"5";"AutonomousCondition";40,2720833333333;2416,325;35,0411;27,6441333333333;0,17818413190218;0,492862675666704;13,0608229540324;0,314678543764524
"198";"60";"9";2;"Engagement";"6";"AutonomousCondition";0,299533333333333;17,972;0,224883333333333;0,330016666666667;0,942016155803917;0,980884142967799;12,691514921625;0,0388679871638821
"199";"60";"9";4;"Engagement";"6";"AutonomousCondition";0,723066666666667;43,384;1,6155;1,11451666666667;0,762199845081332;0,980884142967799;12,6910002109769;0,218684297886467
"200";"60";"9";6;"Engagement";"6";"AutonomousCondition";8,81141666666667;528,685;1,87978333333333;10,48365;0,249502047139537;0,653590793404891;12,6848561253287;0,404088746265354
"201";"60";"9";8;"Engagement";"6";"AutonomousCondition";2,79291666666667;167,575;11,1399;13,77095;0,683412636937037;0,869453358415403;12,682321958662;0,186040721478366
"202";"60";"9";10;"Engagement";"6";"AutonomousCondition";2,85443333333333;171,266;13,9889166666667;16,80185;0,869453358415403;0,980884142967799;12,680372109125;0,111430784552396
"203";"62";"8";7;"Engagement";"1";"AutonomousCondition";44,6915666666667;2681,494;24,8964666666667;5,30723333333333;0,448487662789961;0,0292547016484792;13,9915924811088;-0,419232961141482
"204";"63";"9";2;"Engagement";"2";"AutonomousCondition";17,1822833333333;1030,937;0,308333333333333;12,2410333333333;0,0229334956290804;0,104763749031758;0,44142387147338;0,0818302534026776
"205";"63";"9";4;"Engagement";"2";"AutonomousCondition";49,7078166666667;2982,469;61,0411166666667;37,9507666666667;0,852439969016267;0,469431227177161;0,425691394621528;-0,383008741839106
"206";"63";"9";7;"Engagement";"1";"AutonomousCondition";2,7889179623086;167,335077738516;5,61695;5,74285;0;0,0229334956290804;1,06243355897338;0,0229334956290804
"207";"64";"1";2;"Engagement";"2";"AutonomousCondition";41,1626666666667;2469,76;0,0308833333333333;29,48165;0;0,362105060519287;11,8231604924988;0,362105060519287
"208";"64";"1";2;"Engagement";"3";"AutonomousCondition";22,6174666666667;1357,048;20,72775;18,4569333333333;0,95418341073706;0,922877012296364;11,738956302684;-0,031306398440696
"209";"64";"1";12;"Engagement";"2";"AutonomousCondition";31,15685;1869,411;96,4663833333333;125,02665;0,522848136294728;0,732824794860072;11,7566308049988;0,209976658565344
"210";"65";"1";3;"Engagement";"1";"NonAutonomousCondition";0,719116666666667;43,147;0,63395;1,30985;0,0242799047091946;0;0,171104680094907;-0,0242799047091946
"211";"65";"1";4;"Engagement";"2";"NonAutonomousCondition";3,1451;188,706;10,5155666666667;13,311;0,0560194431744351;0,0242799047091946;0,0848966824097222;-0,0317395384652405
"212";"65";"1";4;"Engagement";"3";"NonAutonomousCondition";19,9286333333333;1195,718;2,59;22,4149166666667;0,417498856991602;0,621050605192868;-1,16692651203472;0,203551748201266
"213";"65";"1";6;"Engagement";"3";"NonAutonomousCondition";5,84741666666667;350,845;29,9887;29,9946833333333;0,621050605192868;0,621050605192868;-1,17230882684954;0
"214";"65";"1";8;"Engagement";"2";"NonAutonomousCondition";2,47521666666667;148,513;21,2606833333333;21,2544833333333;0,663522390932936;0,663522390932936;0,0793778050949074;0
"215";"65";"1";10;"Engagement";"3";"NonAutonomousCondition";13,9834166666667;839,005;41,6262333333333;54,7022166666667;0,702769689823616;0,982770652357004;-1,18883352592361;0,280000962533388
"216";"65";"1";12;"Engagement";"2";"NonAutonomousCondition";13,3931833333333;803,591;24,18725;24,1483333333333;0,0560194431744351;0,0966864788122338;0,0773116129652778;0,0406670356377987
"217";"65";"1";14;"Engagement";"2";"NonAutonomousCondition";13,0482833333333;782,897;40,8122833333333;44,9710666666667;0,250162427509204;0,285800226195346;0,0628513814837963;0,035637798686142
"218";"65";"1";20;"Engagement";"2";"NonAutonomousCondition";5,32431666666667;319,459;134,577416666667;134,893166666667;0,296364030127295;0,285800226195346;0,00040565231712963;-0,010563803931949
"219";"65";"1";26;"Engagement";"2";"NonAutonomousCondition";0,431516666666667;25,891;141,75395;141,448666666667;0,588204153331569;0,44112905166398;-0,00415041249768518;-0,147075101667589
"220";"66";"2";1;"Engagement";"2";"NonAutonomousCondition";15,5574;933,444;0,00723333333333333;10,5572833333333;0,0292926971555854;0,128201955203564;13,9757488051655;0,0989092580479786
"221";"66";"2";1;"Engagement";"4";"NonAutonomousCondition";0,9995;59,97;0,02165;0,9995;0,509166121590326;0,509166121590326;13,025462011184;0
"222";"66";"2";3;"Engagement";"2";"NonAutonomousCondition";8,9645;537,87;15,6103833333333;24,55145;0,196775505153181;0,253822900277547;13,9660691755359;0,057047395124366
"223";"66";"2";3;"Engagement";"3";"NonAutonomousCondition";22,3027333333333;1338,164;17,0269833333333;22,4504;0,415029964466915;0,542383368395001;13,941749198684;0,127353403928086
"224";"66";"2";3;"Engagement";"4";"NonAutonomousCondition";8,56451666666667;513,871;3,75185;9,00631666666667;0,509166121590326;0,573797443739283;13,0196900088692;0,0646313221489569
"225";"66";"2";5;"Engagement";"1";"NonAutonomousCondition";0,679083333333333;40,745;2,14218333333333;2,14218333333333;0;0;13,9870171963692;0
"226";"66";"2";7;"Engagement";"1";"NonAutonomousCondition";1,69363333333333;101,618;4,05491666666667;3,715;0,0292926971555854;0;13,9854573815544;-0,0292926971555854
"227";"66";"2";7;"Engagement";"4";"NonAutonomousCondition";11,1598333333333;669,59;20,2377833333333;18,3809166666667;0,74937684515707;0,680219916205562;13,0131797195174;-0,069156928951508
"228";"67";"1";3;"Engagement";"1";"NonAutonomousCondition";13,9690666666667;838,144;3,6234;12,8195833333333;0,0323411218326636;0,164930096012705;13,9796250709109;0,132588974180041
"229";"67";"1";4;"Engagement";"2";"NonAutonomousCondition";2,07233333333333;124,34;0,0893;2,1115;0,316456914599225;0,357027696898236;12,9083265176701;0,040570782299011
"230";"67";"1";4;"Engagement";"3";"NonAutonomousCondition";15,2706166666667;916,237;1,71163333333333;15,3094166666667;0,595134393724282;0,97865582212383;11,6730709621146;0,383521428399548
"231";"67";"1";6;"Engagement";"2";"NonAutonomousCondition";13,4996833333333;809,981;14,8394166666667;26,6906833333333;0,357027696898236;0,637582116129653;12,891268832485;0,280554419231417
"232";"72";"1";1;"Engagement";"2";"AutonomousCondition";12,4239833333333;745,439;4,48288333333333;3,40163333333333;0,0553216064682244;0,0553216064682244;3,68478286278472;0
"233";"72";"1";3;"Engagement";"2";"AutonomousCondition";8,34123333333333;500,474;15,7392666666667;20,9090333333333;0,209952595230647;0,209952595230647;3,6760896567662;0
"234";"72";"1";5;"Engagement";"1";"AutonomousCondition";0,30625;18,375;0,9318;1,0059;0;0;5,78968514287731;0
"235";"72";"1";5;"Engagement";"2";"AutonomousCondition";21,4894666666667;1289,368;21,0743333333333;42,4263833333333;0,209952595230647;0,531318430108044;3,66090722621065;0,321365834877397
"236";"72";"1";7;"Engagement";"2";"AutonomousCondition";14,0351333333333;842,108;43,05205;56,9698166666667;0,531318430108044;0,921457275549246;3,64761304796991;0,390138845441202
"237";"74";"1";13;"Engagement";"1";"AutonomousCondition";0,621083333333333;37,265;8,06303333333333;8,16315;0,0187934643982963;0,0485598094183892;13,9692968310706;0,0297663450200929
"238";"74";"1";17;"Engagement";"1";"AutonomousCondition";0,5057;30,342;9,7128;9,67711666666667;0,0799624611978728;0,0485598094183892;13,9681856852373;-0,0314026517794836
"239";"74";"1";19;"Engagement";"1";"AutonomousCondition";6,42378333333333;385,427;10,7676;16,57135;0,0799624611978728;0,44112905166398;13,9635108819965;0,361166590466107
"240";"74";"1";23;"Engagement";"1";"AutonomousCondition";10,2125166666667;612,751;17,2550333333333;27,08335;0,44112905166398;0,971869961739298;13,9564492616262;0,530740910075318
"241";"75";"5";2;"Engagement";"3";"NonAutonomousCondition";3,70233333333333;222,14;0,00808333333333333;0,0310166666666667;0;0,0171939477303989;13,463809914125;0,0171939477303989
"242";"75";"5";2;"Engagement";"4";"NonAutonomousCondition";33,4563833333333;2007,383;7,65646666666667;3,94386666666667;0,0705760983898374;0,0439558216684198;8,40972163866204;-0,0266202767214176
"243";"75";"5";2;"Engagement";"5";"NonAutonomousCondition";18,9978833333333;1139,873;0,1071;4,04165;0,363338457804029;0,413443644307792;7,64959546968056;0,050105186503763
"244";"75";"5";2;"Engagement";"6";"NonAutonomousCondition";15,1485333333333;908,912;3,54585;15,1551833333333;0,810846346791812;0,972024435633951;7,52863095579167;0,161178088842139
"245";"75";"5";3;"Engagement";"1";"NonAutonomousCondition";0,9815;58,89;0,964283333333333;1,15965;0,546039323569868;0,998907678614775;13,9909174835694;0,452868355044907
"246";"75";"5";4;"Engagement";"4";"NonAutonomousCondition";3,23857025912839;194,314215547703;36,7784535924617;36,7784535924617;0,413443644307792;0,413443644307792;8,38813327060648;0
"247";"75";"5";4;"Engagement";"5";"NonAutonomousCondition";18,78095;1126,857;30,4080333333333;20,0803666666667;0,69269358362327;0,573974431588316;7,63845673125463;-0,118719152034954
"248";"75";"5";6;"Engagement";"5";"NonAutonomousCondition";1,05966666666667;63,58;94,2307;94,2727166666667;0,810846346791812;0,77109798527389;7,58642101366204;-0,039748361517922
"249";"76";"7";3;"Engagement";"1";"NonAutonomousCondition";35,7181833333333;2143,091;24,7583166666667;4,48525;0,604857398881439;0,0624169576368075;12,8926942785058;-0,542440441244631
"250";"77";"6";2;"Engagement";"4";"AutonomousCondition";3,74986666666667;224,992;3,81481666666667;2,33616666666667;0,466402153889755;0,417656227858864;11,3454293497303;-0,048745926030891
"251";"77";"6";5;"Engagement";"1";"AutonomousCondition";2,40078333333333;144,047;2,7428;3,49061666666667;0;0,0387700155873601;13,9898458196377;0,0387700155873601
"252";"77";"6";7;"Engagement";"1";"AutonomousCondition";13,6352833333333;818,117;4,99105;14,7653166666667;0,0837749752019272;0,287119172452884;13,9815848358414;0,203344197250957
"253";"92";"1";2;"Engagement";"2";"AutonomousCondition";34,6351333333333;2078,108;1,06081666666667;14,0704166666667;0;0,325649108453449;10,4096603372789;0,325649108453449
